{
  "music.spokoynaya_noch": {
    "sounds": [{ "name": "rfmusic:music/spokoynaya_noch", "stream": true }]
  },
  "music.soldier_of_fortune": {
    "sounds": [{ "name": "rfmusic:music/soldier_of_fortune", "stream": true }]
  },
  "music.blind_man_cries": {
    "sounds": [{ "name": "rfmusic:music/blind_man_cries", "stream": true }]
  },
  "music.and_justice_for_all": {
    "sounds": [{ "name": "rfmusic:music/and_justice_for_all", "stream": true }]
  },
  "music.one_metallica": {
    "sounds": [{ "name": "rfmusic:music/one_metallica", "stream": true }]
  },
  "music.pachka_sigaret": {
    "sounds": [{ "name": "rfmusic:music/pachka_sigaret", "stream": true }]
  },
  "music.kalinka": {
    "sounds": [{ "name": "rfmusic:music/kalinka", "stream": true }]
  },
  "music.take_five": {
    "sounds": [{ "name": "rfmusic:music/take_five", "stream": true }]
  },
  "music.halo_theme": {
    "sounds": [{ "name": "rfmusic:music/halo_theme", "stream": true }]
  },
  "music.doom_bfg": {
    "sounds": [{ "name": "rfmusic:music/doom_bfg", "stream": true }]
  },
  "music.skyrim_dragonborn": {
    "sounds": [{ "name": "rfmusic:music/skyrim_dragonborn", "stream": true }]
  },
  "music.pirates_caribbean": {
    "sounds": [{ "name": "rfmusic:music/pirates_caribbean", "stream": true }]
  },
  "music.imperial_march": {
    "sounds": [{ "name": "rfmusic:music/imperial_march", "stream": true }]
  },
  "music.interstellar": {
    "sounds": [{ "name": "rfmusic:music/interstellar", "stream": true }]
  }
}
